{
  "indexes": [
    {
      "collectionGroup": "Posts",
      "queryScope": "COLLECTION",
      "fields": [
        {
          "fieldPath": "category",
          "order": "ASCENDING"
        },
        {
          "fieldPath": "time",
          "order": "DESCENDING"
        }
      ]
    },
    {
      "collectionGroup": "Posts",
      "queryScope": "COLLECTION",
      "fields": [
        {
          "fieldPath": "postID",
          "order": "ASCENDING"
        },
        {
          "fieldPath": "time",
          "order": "DESCENDING"
        }
      ]
    },
    {
      "collectionGroup": "Posts",
      "queryScope": "COLLECTION",
      "fields": [
        {
          "fieldPath": "PostTitle",
          "order": "ASCENDING"
        },
        {
          "fieldPath": "PostCreationDate",
          "order": "DESCENDING"
        }
      ]
    },
    {
      "collectionGroup": "Posts",
      "queryScope": "COLLECTION",
      "fields": [
        {
          "fieldPath": "user",
          "order": "ASCENDING"
        },
        {
          "fieldPath": "time",
          "order": "DESCENDING"
        }
      ]
    },
    {
      "collectionGroup": "Posts",
      "queryScope": "COLLECTION",
      "fields": [
        {
          "fieldPath": "UserID",
          "order": "ASCENDING"
        },
        {
          "fieldPath": "PostCreationDate",
          "order": "ASCENDING"
        }
      ]
    },
    {
      "collectionGroup": "Posts",
      "queryScope": "COLLECTION",
      "fields": [
        {
          "fieldPath": "UserID",
          "order": "ASCENDING"
        },
        {
          "fieldPath": "PostCreationDate",
          "order": "DESCENDING"
        }
      ]
    }
  ],
  "fieldOverrides": []
}
